"Film Title","Rental Count"
"BUCKET BROTHERHOOD",34
"ROCKETEER MOTHER",33
"RIDGEMONT SUBMARINE",32
"JUGGLER HARDLY",32
"FORWARD TEMPLE",32
"GRIT CLOCKWORK",32
"SCALAWAG DUCK",32
"APACHE DIVINE",31
"ZORRO ARK",31
"WIFE TURN",31
"TIMBERLAND SKY",31
"ROBBERS JOON",31
"NETWORK PEAK",31
"GOODFELLAS SALUTE",31
"RUSH GOODFELLAS",31
"HOBBIT ALIEN",31
"SUSPECTS QUILLS",30
"SHOCK CABIN",30
"FROST HEAD",30
"GRAFFITI LOVE",30
"RUGRATS SHAKESPEARE",30
"DOGMA FAMILY",30
"MARRIED GO",30
"ENGLISH BULWORTH",30
"PULP BEVERLY",30
"WITCHES PANIC",30
"BUTTERFLY CHOCOLAT",30
"MASSACRE USUAL",30
"IDOLS SNATCHERS",30
"HARRY IDAHO",30
"MUSCLE BRIGHT",30
"CAT CONEHEADS",30
"MOON BUNCH",29
"GLEAMING JAWBREAKER",29
"SWEETHEARTS SUSPECTS",29
"GREATEST NORTH",29
"TALENTED HOMICIDE",29
"DEER VIRGINIAN",29
"TITANS JERK",29
"BOOGIE AMELIE",29
"BINGO TALENTED",29
"ENEMY ODDS",29
"FAMILY SWEET",29
"VIDEOTAPE ARSENIC",29
"CONFIDENTIAL INTERVIEW",29
"VIRGINIAN PLUTO",29
"STORM HAPPINESS",29
"GIANT TROOPERS",28
"VOYAGE LEGALLY",28
"GILMORE BOILED",28
"EXPENDABLE STALLION",28
"ROSES TREASURE",28
"HANDICAP BOONDOCK",28
"SATURDAY LAMBS",28
"TRIP NEWTON",28
"CLOSER BANG",28
"FATAL HAUNTED",28
"STORY SIDE",28
"SPY MILE",27
"INVASION CYCLONE",27
"CAMELOT VACATION",27
"SWARM GOLD",27
"CURTAIN VIDEOTAPE",27
"LIES TREATMENT",27
"RANGE MOONWALKER",27
"FORRESTER COMANCHEROS",27
"CHANCE RESURRECTION",27
"PRIMARY GLASS",27
"PRINCESS GIANT",27
"WARDROBE PHANTOM",27
"LOATHING LEGALLY",27
"MOVIE SHAKESPEARE",27
"GANGS PRIDE",27
"DANCING FEVER",27
"TELEGRAPH VOYAGE",27
"OPERATION OPERATION",27
"GOLDMINE TYCOON",27
"TORQUE BOUND",27
"BLACKOUT PRIVATE",27
"HORROR REIGN",27
"DETECTIVE VISION",27
"LOSE INCH",27
"DORADO NOTTING",27
"NONE SPIKING",27
"TRACY CIDER",26
"ALASKA PHANTOM",26
"FELLOWSHIP AUTUMN",26
"SEABISCUIT PUNK",26
"HALF OUTFIELD",26
"STAGECOACH ARMAGEDDON",26
"ISLAND EXORCIST",26
"WESTWARD SEABISCUIT",26
"COMA HEAD",26
"DURHAM PANKY",26
"CONTACT ANONYMOUS",26
"DISTURBING SCARFACE",26
"TIGHTS DAWN",26
"MALKOVICH PET",26
"BROTHERHOOD BLANKET",26
"METROPOLIS COMA",26
"VELVET TERMINATOR",26
"INNOCENT USUAL",26
"PITY BOUND",26
"HANKY OCTOBER",26
"HYDE DOCTOR",26
"PELICAN COMFORTS",26
"FANTASY TROOPERS",26
"POCUS PULP",26
"OSCAR GOLD",25
"TRADING PINOCCHIO",25
"DOWNHILL ENOUGH",25
"FEUD FROGMEN",25
"SHOW LORD",25
"SAMURAI LION",25
"STREETCAR INTENTIONS",25
"MALLRATS UNITED",25
"WORKING MICROCOSMOS",25
"METAL ARMAGEDDON",25
"BARBARELLA STREETCAR",25
"DYNAMITE TARZAN",25
"CLASH FREDDY",25
"TOMORROW HUSTLER",25
"CONEHEADS SMOOCHY",25
"SUN CONFESSIONS",25
"FISH OPUS",25
"HILLS NEIGHBORS",25
"TELEMARK HEARTBREAKERS",25
"MADNESS ATTACKS",25
"ESCAPE METROPOLIS",25
"NIGHTMARE CHILL",25
"EFFECT GLADIATOR",25
"GUN BONNIE",25
"SHEPHERD MIDSUMMER",25
"DOUBLE WRATH",25
"CLUELESS BUCKET",25
"KNOCK WARLOCK",24
"CELEBRITY HORN",24
"STRANGELOVE DESIRE",24
"MAIDEN HOME",24
"CENTER DINOSAUR",24
"SHOOTIST SUPERFLY",24
"COLOR PHILADELPHIA",24
"SEATTLE EXPECATIONS",24
"SLUMS DUCK",24
"OZ LIAISONS",24
"ARACHNOPHOBIA ROLLERCOASTER",24
"PACIFIC AMISTAD",24
"DRIFTER COMMANDMENTS",24
"HURRICANE AFFAIR",24
"CAPER MOTIONS",24
"JUMPING WRATH",24
"MOCKINGBIRD HOLLYWOOD",24
"JASON TRAP",24
"GOLDFINGER SENSIBILITY",24
"ATLANTIS CAUSE",24
"LOLA AGENT",24
"ICE CROSSING",24
"BOUND CHEAPER",24
"ATTRACTION NEWTON",24
"HORN WORKING",24
"FARGO GANDHI",24
"SUNRISE LEAGUE",24
"SLEEPING SUSPECTS",24
"ORANGE GRAPES",24
"ALAMO VIDEOTAPE",24
"ROMAN PUNK",24
"GUNFIGHT MOON",24
"WEDDING APOLLO",24
"TRUMAN CRAZY",23
"HOUSE DYNAMITE",23
"OTHERS SOUP",23
"PHILADELPHIA WIFE",23
"OUTBREAK DIVINE",23
"BALLOON HOMEWARD",23
"FOOL MOCKINGBIRD",23
"CUPBOARD SINNERS",23
"KWAI HOMEWARD",23
"SALUTE APOLLO",23
"NAME DETECTIVE",23
"ACADEMY DINOSAUR",23
"CANDLES GRAPES",23
"STRICTLY SCARFACE",23
"HEAVYWEIGHTS BEAST",23
"TITANIC BOONDOCK",23
"AFFAIR PREJUDICE",23
"PATTON INTERVIEW",23
"STEEL SANTA",23
"FREDDY STORM",23
"WIND PHANTOM",23
"SNOWMAN ROLLERCOASTER",23
"CARRIE BUNCH",23
"KARATE MOON",23
"WASH HEAVENLY",23
"EARTH VISION",23
"EASY GLADIATOR",23
"FLAMINGOS CONNECTICUT",23
"MURDER ANTITRUST",23
"GENTLEMEN STAGE",23
"ALADDIN CALENDAR",23
"CROOKED FROGMEN",23
"WOMEN DORADO",23
"YENTL IDAHO",23
"TROUBLE DATE",23
"SCORPION APOLLO",23
"SEA VIRGIN",22
"HAUNTING PIANIST",22
"SOUTH WAIT",22
"LIAISONS SWEET",22
"VOLCANO TEXAS",22
"WONDERLAND CHRISTMAS",22
"ALIEN CENTER",22
"HEAD STRANGER",22
"GRAPES FURY",22
"WHISPERER GIANT",22
"ALTER VICTORY",22
"BANGER PINOCCHIO",22
"DREAM PICKUP",22
"MALTESE HOPE",22
"PACKER MADIGAN",22
"FIGHT JAWBREAKER",22
"HOMICIDE PEACH",22
"SNATCH SLIPPER",22
"EAGLES PANKY",22
"HUSTLER PARTY",22
"AMERICAN CIRCUS",22
"FALCON VOLUME",22
"HIGH ENCINO",22
"BORROWERS BEDAZZLED",22
"MIDSUMMER GROUNDHOG",22
"BEAR GRACELAND",22
"SHAKESPEARE SADDLE",22
"SINNERS ATLANTIS",22
"ANGELS LIFE",22
"BEAUTY GREASE",22
"TOURIST PELICAN",22
"ANNIE IDENTITY",22
"CHICKEN HELLFIGHTERS",22
"BLADE POLISH",22
"CHILL LUCK",22
"FLATLINERS KILLER",22
"QUEEN LUKE",22
"CONGENIALITY QUEST",22
"KISS GLORY",22
"SLEEPY JAPANESE",21
"CALENDAR GUNFIGHT",21
"CAUSE DATE",21
"BADMAN DAWN",21
"COAST RAINBOW",21
"SLEUTH ORIENT",21
"RESURRECTION SILVERADO",21
"EXCITEMENT EVE",21
"BLUES INSTINCT",21
"PIANIST OUTFIELD",21
"MOONSHINE CABIN",21
"CHRISTMAS MOONSHINE",21
"BERETS AGENT",21
"CHAINSAW UPTOWN",21
"DRACULA CRYSTAL",21
"SECRET GROUNDHOG",21
"WAIT CIDER",21
"BEVERLY OUTLAW",21
"BROOKLYN DESERT",21
"EMPIRE MALKOVICH",21
"UNBREAKABLE KARATE",21
"GREASE YOUTH",21
"DECEIVER BETRAYED",21
"DIVIDE MONSTER",21
"AMADEUS HOLY",21
"STAR OPERATION",21
"ARIZONA BANG",21
"PIRATES ROXANNE",21
"FIDELITY DEVIL",21
"UNDEFEATED DALMATIONS",21
"ARMAGEDDON LOST",21
"MOURNING PURPLE",21
"BASIC EASY",21
"AMISTAD MIDSUMMER",21
"CHARIOTS CONSPIRACY",21
"SUIT WALLS",21
"OPEN AFRICAN",21
"AGENT TRUMAN",21
"ANACONDA CONFESSIONS",21
"FIREBALL PHILADELPHIA",21
"HIGHBALL POTTER",21
"STING PERSONAL",21
"DRIVING POLISH",21
"DOOM DANCING",21
"LEBOWSKI SOLDIERS",21
"WOLVES DESIRE",21
"SPLENDOR PATTON",21
"GHOST GROUNDHOG",21
"EGG IGBY",21
"CROSSROADS CASUALTIES",21
"SABRINA MIDNIGHT",21
"VACATION BOONDOCK",21
"ROOM ROMAN",20
"KISSING DOLLS",20
"STRAIGHT HOURS",20
"JERK PAYCHECK",20
"NORTHWEST POLISH",20
"MINDS TRUMAN",20
"DINOSAUR SECRETARY",20
"CHOCOLAT HARRY",20
"FLYING HOOK",20
"REUNION WITCHES",20
"JET NEIGHBORS",20
"LOVE SUICIDES",20
"HUNCHBACK IMPOSSIBLE",20
"OUTFIELD MASSACRE",20
"PREJUDICE OLEANDER",20
"HEARTBREAKERS BRIGHT",20
"BRINGING HYSTERICAL",20
"TRAMP OTHERS",20
"PINOCCHIO SIMON",20
"SECRETS PARADISE",20
"RIVER OUTLAW",20
"GO PURPLE",20
"SPICE SORORITY",20
"DALMATIONS SWEDEN",20
"HELLFIGHTERS SIERRA",20
"REDEMPTION COMFORTS",20
"INSIDER ARIZONA",20
"STEPMOM DREAM",20
"CHASING FIGHT",20
"GARDEN ISLAND",20
"PEAK FOREVER",20
"CHEAPER CLYDE",20
"KICK SAVANNAH",20
"MONEY HAROLD",20
"REIGN GENTLEMEN",20
"MASKED BUBBLE",20
"WRONG BEHAVIOR",20
"MILLION ACE",20
"INTERVIEW LIAISONS",20
"HARPER DYING",20
"SLEEPLESS MONSOON",20
"INTRIGUE WORST",20
"QUEST MUSSOLINI",20
"HOURS RAGE",19
"VOICE PEACH",19
"THIEF PELICAN",19
"BRIDE INTRIGUE",19
"MINE TITANS",19
"RAGE GAMES",19
"CAMPUS REMEMBER",19
"DISCIPLE MOTHER",19
"CIDER DESIRE",19
"NOVOCAINE FLIGHT",19
"FICTION CHRISTMAS",19
"FURY MURDER",19
"INDEPENDENCE HOTEL",19
"NATIONAL STORY",19
"GABLES METROPOLIS",19
"ENCINO ELF",19
"PATIENT SISTER",19
"CANYON STOCK",19
"ENCOUNTERS CURTAIN",19
"ROXANNE REBEL",19
"EYES DRIVING",19
"HANGING DEEP",19
"BILL OTHERS",19
"ROAD ROXANNE",19
"DESERT POSEIDON",19
"NEIGHBORS CHARADE",19
"HONEY TIES",19
"EARRING INSTINCT",19
"MARS ROMAN",19
"FANTASIA PARK",19
"JEDI BENEATH",19
"CLONES PINOCCHIO",19
"SOMETHING DUCK",19
"SUNDANCE INVASION",19
"TROJAN TOMORROW",19
"DETAILS PACKER",19
"SHAWSHANK BUBBLE",19
"DOORS PRESIDENT",19
"CLUB GRAFFITI",19
"GORGEOUS BINGO",19
"REQUIEM TYCOON",19
"IGBY MAKER",19
"BACKLASH UNDEFEATED",19
"POND SEATTLE",19
"MUSIC BOONDOCK",19
"DARN FORRESTER",18
"WEEKEND PERSONAL",18
"RACER EGG",18
"WONKA SEA",18
"EXPECATIONS NATURAL",18
"DAWN POND",18
"SWEDEN SHINING",18
"WHALE BIKINI",18
"ALONE TRIP",18
"INCH JET",18
"CANDIDATE PERDITION",18
"HEAVEN FREEDOM",18
"FORREST SONS",18
"MISSION ZOOLANDER",18
"JACKET FRISCO",18
"VANISHING ROCKY",18
"SECRETARY ROUGE",18
"DRAGONFLY STRANGERS",18
"SMOKING BARBARELLA",18
"ROUGE SQUAD",18
"JADE BUNCH",18
"GALAXY SWEETHEARTS",18
"CORE SUIT",18
"BAREFOOT MANCHURIAN",18
"LION UNCUT",18
"CLEOPATRA DEVIL",18
"INSECTS STONE",18
"UNFORGIVEN ZOOLANDER",18
"CAROL TEXAS",18
"DRIVER ANNIE",18
"BOULEVARD MOB",18
"ENOUGH RAGING",18
"INSTINCT AIRPORT",18
"GROOVE FICTION",18
"BIRDS PERDITION",18
"HOPE TOOTSIE",18
"AIRPORT POLLOCK",18
"SCARFACE BANG",18
"PARADISE SABRINA",18
"GROUNDHOG UNCUT",18
"POLISH BROOKLYN",18
"REMEMBER DIARY",18
"POLLOCK DELIVERANCE",18
"BREAKFAST GOLDFINGER",17
"EGYPT TENENBAUMS",17
"POSEIDON FOREVER",17
"MUSKETEERS WAIT",17
"FLINTSTONES HAPPINESS",17
"ROOTS REMEMBER",17
"FERRIS MOTHER",17
"LOUISIANA HARRY",17
"POTTER CONNECTICUT",17
"MAJESTIC FLOATS",17
"ZOOLANDER FICTION",17
"STRANGERS GRAFFITI",17
"HOLOCAUST HIGHBALL",17
"JOON NORTHWEST",17
"LADY STAGE",17
"BIKINI BORROWERS",17
"DYING MAKER",17
"CONVERSATION DOWNHILL",17
"REAR TRADING",17
"SATISFACTION CONFIDENTIAL",17
"FREAKY POCUS",17
"GREEK EVERYONE",17
"FACTORY DRAGON",17
"SUGAR WONKA",17
"TAXI KICK",17
"COMFORTS RUSH",17
"GANDHI KWAI",17
"MIDNIGHT WESTWARD",17
"LAWLESS VISION",17
"HANOVER GALAXY",17
"BEACH HEARTBREAKERS",17
"TEEN APOLLO",17
"UNITED PILOT",17
"ROCK INSTINCT",17
"LEAGUE HELLFIGHTERS",17
"MASK PEACH",17
"IDAHO LOVE",17
"INTENTIONS EMPIRE",17
"VIRGIN DAISY",17
"NEWTON LABYRINTH",17
"FRENCH HOLIDAY",17
"SLACKER LIAISONS",17
"PERFECT GROOVE",17
"JEKYLL FROGMEN",17
"WATERFRONT DELIVERANCE",17
"CONFUSED CANDLES",17
"NOON PAPI",17
"ORIENT CLOSER",17
"JERICHO MULAN",17
"QUILLS BULL",16
"DUDE BLINDNESS",16
"GRADUATE LORD",16
"SAGEBRUSH CLUELESS",16
"BAKED CLEOPATRA",16
"COLDBLOODED DARLING",16
"CONQUERER NUTS",16
"WEST LION",16
"SLIPPER FIDELITY",16
"PICKUP DRIVING",16
"HALL CASSIDY",16
"WORDS HUNTER",16
"PILOT HOOSIERS",16
"STREAK RIDGEMONT",16
"MERMAID INSECTS",16
"PRIDE ALAMO",16
"WANDA CHAMBER",16
"REAP UNFAITHFUL",16
"INDIAN LOVE",16
"VARSITY TRIP",16
"MOTIONS DETAILS",16
"HOMEWARD CIDER",16
"BONNIE HOLOCAUST",16
"DAISY MENAGERIE",16
"PATRIOT ROMAN",16
"MOULIN WAKE",16
"WILLOW TRACY",16
"ARMY FLINTSTONES",16
"SILENCE KANE",16
"CRAFT OUTFIELD",16
"RULES HUMAN",16
"PAYCHECK WAIT",16
"ARTIST COLDBLOODED",16
"LOCK REAR",16
"COMMAND DARLING",16
"TRAP GUYS",16
"BULL SHAWSHANK",16
"SUMMER SCARFACE",16
"WORST BANGER",16
"CASABLANCA SUPER",16
"ATTACKS HATE",16
"PLUTO OLEANDER",16
"GASLIGHT CRUSADE",16
"CREATURES SHAKESPEARE",16
"UPRISING UPTOWN",16
"DESTINY SATURDAY",16
"JEEPERS WEDDING",16
"CHICAGO NORTH",16
"MUMMY CREATURES",16
"PURE RUNNER",16
"WATCH TRACY",16
"WIZARD COLDBLOODED",16
"ROCKY WAR",16
"CADDYSHACK JEDI",16
"ILLUSION AMELIE",15
"SHIP WONDERLAND",15
"HOLES BRANNIGAN",15
"VALLEY PACKER",15
"HOLIDAY GAMES",15
"HUMAN GRAFFITI",15
"DIRTY ACE",15
"BOILED DARES",15
"BETRAYED REAR",15
"LABYRINTH LEAGUE",15
"MOSQUITO ARMAGEDDON",15
"NASH CHOCOLAT",15
"SWEET BROTHERHOOD",15
"SHREK LICENSE",15
"WORKER TARZAN",15
"CYCLONE FAMILY",15
"CIRCUS YOUTH",15
"RINGS HEARTBREAKERS",15
"HUNTING MUSKETEERS",15
"DIVINE RESURRECTION",15
"ODDS BOOGIE",15
"SUBMARINE BED",15
"NECKLACE OUTBREAK",15
"SIEGE MADRE",15
"MANCHURIAN CURTAIN",15
"CHARADE DUFFEL",15
"SIERRA DIVIDE",15
"TRANSLATION SUMMER",15
"STEERS ARMAGEDDON",15
"LUST LOCK",15
"HYSTERICAL GRAIL",15
"PANKY SUBMARINE",15
"MODEL FISH",15
"MADISON TRAP",15
"TOOTSIE PILOT",15
"AIRPLANE SIERRA",15
"PANTHER REDS",15
"SPIRIT FLINTSTONES",15
"MODERN DORADO",15
"VIETNAM SMOOCHY",15
"WASTELAND DIVINE",15
"ENTRAPMENT SATISFACTION",15
"LONELY ELEPHANT",15
"EDGE KISSING",15
"SONS INTERVIEW",15
"CABIN FLASH",15
"MONSTER SPARTACUS",15
"SCISSORHANDS SLUMS",15
"ANTHEM LUKE",15
"DEVIL DESIRE",15
"LOSER HUSTLER",15
"BLINDNESS GUN",14
"SADDLE ANTITRUST",14
"IMAGE PRINCESS",14
"TURN STAR",14
"WEREWOLF LOLA",14
"NOTORIOUS REUNION",14
"ELEPHANT TROJAN",14
"SEARCHERS WAIT",14
"ALLEY EVOLUTION",14
"IMPOSSIBLE PREJUDICE",14
"LOVELY JINGLE",14
"OUTLAW HANKY",14
"GLASS DYING",14
"DAY UNFAITHFUL",14
"STAMPEDE DISTURBING",14
"HAMLET WISDOM",14
"MOTHER OLEANDER",14
"SHRUNK DIVINE",14
"HOME PITY",14
"UNCUT SUICIDES",14
"DEEP CRUSADE",14
"GREEDY ROOTS",14
"GAMES BOWFINGER",14
"PAJAMA JAWBREAKER",14
"TOMATOES HELLFIGHTERS",14
"GOLD RIVER",14
"DANCES NONE",14
"GRINCH MASSAGE",14
"KANE EXORCIST",14
"NEMO CAMPUS",14
"PEACH INNOCENT",14
"JAWS HARRY",14
"ANALYZE HOOSIERS",14
"SHANE DARKNESS",14
"DONNIE ALLEY",14
"CONFESSIONS MAGUIRE",14
"WRATH MILE",14
"STOCK GLASS",14
"SHANGHAI TYCOON",14
"MADRE GABLES",14
"CREEPERS KANE",14
"SPLASH GUMP",14
"TROOPERS METAL",14
"PARIS WEEKEND",14
"PERSONAL LADYBUGS",14
"VIRTUAL SPOILERS",14
"TOWN ARK",14
"CONNECTICUT TRAMP",13
"BEHAVIOR RUNAWAY",13
"BREAKING HOME",13
"DATE SPEED",13
"TUXEDO MILE",13
"EXORCIST STING",13
"HOLLYWOOD ANONYMOUS",13
"BRIGHT ENCOUNTERS",13
"MEMENTO ZOOLANDER",13
"PARTY KNOCK",13
"MOONWALKER FOOL",13
"JINGLE SAGEBRUSH",13
"FOREVER CANDIDATE",13
"RAGING AIRPLANE",13
"HUNGER ROOF",13
"PAST SUICIDES",13
"ARABIA DOGMA",13
"CHAMBER ITALIAN",13
"CINCINATTI WHISPERER",13
"EXPRESS LONELY",13
"CHAMPION FLATLINERS",13
"DADDY PITTSBURGH",13
"SASSY PACKER",13
"CITIZEN SHREK",13
"NATURAL STOCK",13
"BILKO ANONYMOUS",13
"STATE WASTELAND",13
"LUCKY FLYING",13
"MICROCOSMOS PARADISE",13
"SPIKING ELEMENT",13
"SATURN NAME",13
"HOOK CHARIOTS",13
"ROBBERY BRIGHT",13
"SPINAL ROCKY",13
"LAWRENCE LOVE",13
"MULAN MOON",13
"OPPOSITE NECKLACE",13
"MILE MULAN",13
"IDENTITY LOVER",13
"DARKNESS WAR",13
"FLASH WARS",13
"PURPLE MOVIE",13
"TENENBAUMS COMMAND",13
"WYOMING STORM",13
"ANONYMOUS HUMAN",13
"USUAL UNTOUCHABLES",13
"BEDAZZLED MARRIED",13
"DRUMS DYNAMITE",13
"EVERYONE CRAFT",13
"MONTEREY LABYRINTH",13
"CHISUM BEHAVIOR",13
"SUPER WYOMING",13
"CROW GREASE",12
"EVOLUTION ALTER",12
"VALENTINE VANISHING",12
"GUNFIGHTER MUSSOLINI",12
"LOST BIRD",12
"CALIFORNIA BIRDS",12
"MEET CHOCOLATE",12
"VAMPIRE WHALE",12
"LIBERTY MAGNIFICENT",12
"SPEAKEASY DATE",12
"MINORITY KISS",12
"TYCOON GATHERING",12
"LOVERBOY ATTACKS",12
"WAR NOTTING",12
"SIDE ARK",12
"SMOOCHY CONTROL",12
"ADAPTATION HOLES",12
"MOB DUFFEL",12
"PITTSBURGH HUNCHBACK",12
"HEDWIG ALTER",12
"FINDING ANACONDA",12
"BORN SPINAL",12
"AFRICAN EGG",12
"SILVERADO GOLDFINGER",12
"WINDOW SIDE",12
"SAVANNAH TOWN",12
"MIGHTY LUCK",12
"DANGEROUS UPTOWN",12
"TEMPLE ATTRACTION",12
"ALABAMA DEVIL",12
"UPTOWN YOUNG",12
"BRANNIGAN SUNRISE",12
"BLANKET BEVERLY",12
"MASSAGE IMAGE",12
"SORORITY QUEEN",12
"FLIGHT LIES",12
"NORTH TEQUILA",11
"MAGNOLIA FORRESTER",11
"THEORY MERMAID",11
"IRON MOON",11
"POTLUCK MIXED",11
"STRANGER STRANGERS",11
"THIN SAGEBRUSH",11
"FUGITIVE MAGUIRE",11
"RIDER CADDYSHACK",11
"TWISTED PIRATES",11
"TIES HUNGER",11
"TRAINSPOTTING STRANGERS",11
"DRAGON SQUAD",11
"SANTA PARIS",11
"OCTOBER SUBMARINE",11
"ENDING CROWDS",11
"LANGUAGE COWBOY",11
"BUGSY SONG",11
"MOD SECRETARY",11
"PRIX UNDEFEATED",11
"BIRCH ANTITRUST",11
"CRANES RESERVOIR",11
"BIRD INDEPENDENCE",11
"BEAST HUNCHBACK",11
"REEF SALUTE",11
"SPIRITED CASUALTIES",11
"OPUS ICE",11
"GATHERING CALENDAR",11
"BOWFINGER GABLES",11
"SONG HEDWIG",11
"STONE FIRE",11
"AUTUMN CROW",11
"LORD ARIZONA",11
"FRIDA SLIPPER",11
"DRUMLINE CYCLONE",11
"TOWERS HURRICANE",11
"DARKO DORADO",11
"FEATHERS METAL",11
"BEETHOVEN EXORCIST",11
"FROGMEN BREAKING",10
"RESERVOIR ADAPTATION",10
"ANTITRUST TOMATOES",10
"SUPERFLY TRIP",10
"DOUBTFIRE LABYRINTH",10
"BLOOD ARGONAUTS",10
"ELEMENT FREDDY",10
"BENEATH RUSH",10
"HOLLOW JEOPARDY",10
"STAGE WORLD",10
"MYSTIC TRUMAN",10
"NOTTING SPEAKEASY",10
"GRAIL FRANKENSTEIN",10
"WAGON JAWS",10
"MAKER GABLES",10
"ELIZABETH SHANE",10
"HALLOWEEN NUTS",10
"LOVER TRUMAN",10
"SMILE EARRING",10
"RIGHT CRANES",10
"PATHS CONTROL",10
"FIDDLER LOST",10
"LIFE TWISTED",10
"LUCK OPUS",10
"AMELIE HELLFIGHTERS",10
"LAMBS CINCINATTI",10
"SENSIBILITY REAR",10
"OLEANDER CLUE",10
"JAWBREAKER BROOKLYN",10
"WARS PLUTO",10
"MADIGAN DORADO",10
"RUN PACIFIC",10
"CLOCKWORK PARADISE",10
"LOLITA WORLD",10
"GONE TROUBLE",10
"ROLLERCOASTER BRINGING",10
"JEOPARDY ENCINO",10
"SPOILERS HELLFIGHTERS",10
"WON DARES",9
"GHOSTBUSTERS ELF",9
"MATRIX SNOWMAN",9
"MONTEZUMA COMMAND",9
"DIARY PANIC",9
"MAGUIRE APACHE",9
"WONDERFUL DROP",9
"ALI FOREVER",9
"ANYTHING SAVANNAH",9
"GUYS FALCON",9
"GILBERT PELICAN",9
"SPARTACUS CHEAPER",9
"ZHIVAGO CORE",9
"IMPACT ALADDIN",9
"KRAMER CHOCOLATE",9
"DAUGHTER MADIGAN",9
"VANILLA DAY",9
"RANDOM GO",9
"MIRACLE VIRTUAL",9
"HOLY TADPOLE",9
"NUTS TIES",9
"DWARFS ALTER",9
"SPEED SUIT",9
"CARIBBEAN LIBERTY",9
"JUNGLE CLOSER",9
"SNATCHERS MONTEZUMA",9
"VICTORY ACADEMY",9
"PLATOON INSTINCT",9
"DOLLS RAGE",9
"BIRDCAGE CASPER",9
"REDS POCUS",9
"WISDOM WORKER",9
"CRAZY HOME",9
"DARES PLUTO",9
"DROP WATERFRONT",9
"MONSOON CAUSE",9
"KING EVOLUTION",9
"INTOLERABLE INTENTIONS",9
"CASUALTIES ENCINO",9
"LEGALLY SECRETARY",9
"FRISCO FORREST",9
"HOTEL HAPPINESS",9
"DARLING BREAKING",9
"LEGEND JEDI",9
"CLYDE THEORY",8
"SOUP WISDOM",8
"CHITTY LOCK",8
"MAUDE MOD",8
"CRUSADE HONEY",8
"SAINTS BRIDE",8
"BALLROOM MOCKINGBIRD",8
"LIGHTS DEER",8
"JUMANJI BLADE",8
"WORLD LEATHERNECKS",8
"CHAPLIN LICENSE",8
"TARZAN VIDEOTAPE",8
"REBEL AIRPORT",8
"GODFATHER DIARY",8
"UNFAITHFUL KILL",8
"VERTIGO NORTHWEST",8
"RECORDS ZORRO",8
"DESIRE ALIEN",8
"HOOSIERS BIRDCAGE",8
"SOLDIERS EVOLUTION",8
"RUNAWAY TENENBAUMS",8
"UNTOUCHABLES SUNRISE",8
"DESTINATION JERK",8
"PUNK DIVORCE",8
"PAPI NECKLACE",8
"RUNNER MADIGAN",8
"GROSSE WONDERFUL",8
"CASPER DRAGONFLY",8
"HAROLD FRENCH",8
"BABY HALL",8
"SUNSET RACER",8
"MAGNIFICENT CHITTY",8
"PARK CITIZEN",8
"GOSFORD DONNIE",8
"PET HAUNTING",8
"SHINING ROSES",8
"YOUNG LANGUAGE",7
"LESSON CLEOPATRA",7
"CONNECTION MICROCOSMOS",7
"CRUELTY UNFORGIVEN",7
"SQUAD FISH",7
"HAWK CHILL",7
"DUFFEL APOCALYPSE",7
"ISHTAR ROCKETEER",7
"DOZEN LION",7
"ELF MURDER",7
"LICENSE WEEKEND",7
"MENAGERIE RUSHMORE",7
"STALLION SUNDANCE",7
"VANISHED GARDEN",7
"BANG KWAI",7
"PRESIDENT BANG",7
"CONTROL ANTHEM",7
"HEAVENLY GUN",7
"ACE GOLDFINGER",7
"SENSE GREEK",7
"DIVORCE SHINING",7
"COWBOY DOOM",7
"DOCTOR GRAIL",7
"LUKE MUMMY",7
"EARLY HOME",7
"PANIC CLUB",7
"PIZZA JUMANJI",7
"FIRE WOLVES",7
"CLERKS ANGELS",7
"TREATMENT JEKYLL",7
"BULWORTH COMMANDMENTS",7
"MULHOLLAND BEAST",7
"NEWSIES STORY",7
"LEATHERNECKS DWARFS",7
"MAGIC MALLRATS",7
"EVE RESURRECTION",7
"CLUE GRAIL",7
"VISION TORQUE",7
"TEXAS WATCH",6
"DUCK RACER",6
"GRACELAND DYNAMITE",6
"PHANTOM GLORY",6
"FRONTIER CABIN",6
"YOUTH KICK",6
"JERSEY SASSY",6
"SLING LUKE",6
"DUMBO LUST",6
"APOCALYPSE FLAMINGOS",6
"ITALIAN AFRICAN",6
"COMANCHEROS ENEMY",6
"EXTRAORDINARY CONQUERER",6
"LADYBUGS ARMAGEDDON",6
"WILD APOLLO",6
"BUBBLE GROSSE",6
"JAPANESE RUN",6
"OKLAHOMA JUMANJI",6
"WARLOCK WEREWOLF",6
"DESPERATE TRAINSPOTTING",6
"HAPPINESS UNITED",6
"SIMON NORTH",6
"KILLER INNOCENT",6
"CASSIDY WYOMING",6
"SCHOOL JACKET",6
"BED HIGHBALL",6
"RUSHMORE MERMAID",6
"WATERSHIP FRONTIER",6
"TEQUILA PAST",6
"TERMINATOR CLUB",6
"HAUNTED ANTITRUST",6
"MUSSOLINI SPOILERS",5
"TRAFFIC HOBBIT",5
"CONSPIRACY SPIRIT",5
"FEVER EMPIRE",5
"FULL FLATLINERS",5
"HUNTER ALTER",5
"GLORY TRACY",5
"INFORMER DOUBLE",5
"PRIVATE DROP",5
"MANNEQUIN WORST",5
"SEVEN SWARM",5
"FREEDOM CLEOPATRA",5
"BUNCH MINDS",5
"BRAVEHEART HUMAN",5
"TRAIN BUNCH",4
"MIXED DOORS",4
"HARDLY ROBBERS",4
